,year,Arctozenus risso,Argentina sialis,Argyropelecus affinis,Argyropelecus hemigymnus,Argyropelecus sladeni,Bathylagoides wesethi,Bathylagus pacificus,Benthalbella dentata,Brosmophycis marginata,Ceratoscopelus townsendi,Chauliodus macouni,Chiasmodon subniger,Chilara taylori,Chromis punctipinnis,Citharichthys,Citharichthys sordidus,Citharichthys stigmaeus,Cololabis saira,Cottidae,Cyclothone,Cyclothone signata,Danaphos oculatus,Diaphus,Diogenichthys atlanticus,Electrona risso,Engraulis mordax,Genyonemus lineatus,Hippoglossina stomata,Hygophum reinhardtii,Hypsoblennius jenkinsi,Icelinus quadriseriatus,Icichthys lockingtoni,Idiacanthus antrostomus,Lepidogobius lepidus,Lestidiops ringens,Leuroglossus stilbius,Lipolagus ochotensis,Lyopsetta exilis,Melamphaes,Melamphaes lugubris,Melamphaes parvus,Merluccius productus,Microstoma,Microstomus pacificus,Myctophidae,Myctophum nitidulum,Nannobrachium,Nannobrachium regale,Nannobrachium ritteri,Nansenia candida,Notoscopelus resplendens,Ophidion scrippsae,Oxyjulis californica,Oxylebius pictus,Paralabrax,Paralichthys californicus,Parophrys vetulus,Peprilus simillimus,Pleuronichthys coenosus,Pleuronichthys verticalis,Poromitra crassiceps,Protomyctophum crockeri,Rathbunella,Rhinogobiops nicholsii,Ruscarius creaseri,Sardinops sagax,Scomber japonicus,Scopelogadus mizolepis bispinosus,Scopelosaurus,Scorpaenichthys marmoratus,Sebastes,Sebastes aurora,Sebastes diploproa,Sebastes goodei,Sebastes jordani,Sebastes levis,Sebastes paucispinis,Sebastolobus,Sphyraena argentea,Stenobrachius leucopsarus,Sternoptychidae,Sternoptyx,Stomias atriventer,Symbolophorus californiensis,Symphurus atricaudus,Tarletonbeania crenularis,Tetragonurus cuvieri,Trachipterus altivelis,Trachurus symmetricus,Triphoturus mexicanus,Vinciguerria lucetia,Zaniolepis latipinnis
0,1951,0.0,0.42119246830574913,0.0,0.0,0.0,0.8907741985853723,0.7481880270062004,0.0,0.42160392686983106,0.8943006749939696,0.3781219986913442,0.31175386105575426,0.0,0.7791152784862605,0.8677758390486755,0.0,0.0,0.365565976178153,0.6811909689014407,0.877140203721062,0.0,0.0,0.789935177509173,0.7566765124860059,0.2558752733914667,1.7786227537815837,0.0,0.0,0.3217019695007379,0.0,0.0,0.8078437596026617,0.524706170226751,0.0,0.0,1.7808380653178242,0.627202885638639,0.35280134877403124,0.5120051412337763,0.0,0.0,1.7356523880469836,0.35930836189418,0.4333888069817521,0.4635944021870002,0.37657695705651195,0.7160130792758761,0.0,0.0,0.3886734076447606,0.7015679850559274,0.17897694729316943,0.0,0.0,0.0,0.2764618041732441,0.0,0.0,0.229425847920695,0.2648178230095365,0.0,0.6248111225261281,0.0,0.0,0.0,1.117291817992626,0.4564925573781254,0.0,0.0,0.42528961644679414,1.459900779973645,0.5610957021037566,0.8017221346820665,1.4882686154954599,1.3679423161107274,0.39291668232172877,0.7747522008775145,0.7055251783417262,0.2648178230095365,1.7387976125104174,0.534079013954343,0.0,0.37900318952263784,0.8240356266384522,0.0,0.9365777715427124,0.5664374921950702,0.0,1.6713075224371696,0.9750777798804097,1.1763344249028678,0.0
1,1952,0.0,0.6270242958343457,0.0,0.0,0.0,1.1513800664171578,0.4718502892477132,0.0,0.7513524335710055,0.8716519750077378,0.6079761956652127,0.47712125471966244,0.432568465297358,0.8717553126039082,0.9878289280818562,0.0,0.0,0.47544518665607094,1.015219998535312,1.0472365056664217,0.0,0.0,0.9639732572066049,0.8238463066249709,0.0,1.7492737111406012,0.0,0.0,0.5465426634781311,0.0,0.0,0.8499825753589997,0.6663131867639377,0.0,0.0,1.9451686079351127,0.9350576364531495,0.619083387873691,0.6787281560281746,0.0,0.0,2.6805919046971165,0.8051609015994341,0.5581083016305496,0.6464367174748645,0.4340363540203142,0.947945556446001,0.8129133566428556,0.42975228000240795,0.7093013758177485,0.5037906830571811,0.0,0.0,0.41161970596323016,0.9052560487484512,0.45939248775923086,0.5605541939196115,1.0220157398177203,0.4918284262616802,0.0,0.0,0.6726233610263354,0.0,0.0,0.0,1.4074664437989914,0.8129690318537393,0.456366033129043,0.0,0.625655360163779,1.4426107929913057,0.8037196720205382,0.8031776938952879,0.0,1.219624200421703,0.5266622930104644,0.8048985456315482,0.6878075515647503,1.1981069988734014,1.7042291818221065,0.4779046904784601,0.0,0.6852190769087633,0.9563518107813328,0.0,1.141884328330892,0.5229655954919865,0.0,1.6215656349812937,1.0555476033241227,1.1061712762635143,0.0
2,1953,0.0,0.6065604925546388,0.0,0.0,0.0,0.861404193367126,0.5638764377038281,0.0,0.6012993101943376,0.8372200575562508,0.5150999932232645,0.0,0.0,0.8442285813016279,1.099113690358828,0.0,0.0,0.7003224813803652,1.0699717656536036,0.5609953158791056,0.0,0.0,0.8299868470517189,0.6373646266794685,0.0,2.1452005568149572,0.0,0.43136376415898736,0.0,0.0,0.0,0.8773974300762479,0.6882220108027964,0.0,0.0,1.8637250010140856,0.8823814631658395,0.7739636537898965,0.620277617849726,0.0,0.0,2.097179848174991,0.436162647040756,0.5676144427308446,0.5924543505545049,0.0,0.7507393260609311,0.0,0.5826314394896365,0.5695202106041011,0.0,0.0,0.0,0.4992287242836109,0.8375884382355113,0.6294095991027189,0.8281441073037863,0.9469432706978255,0.7076766077813273,0.4638929889859073,0.0,0.7002900378811134,0.0,0.0,0.0,0.0,0.456366033129043,0.0,0.0,0.8444771757456814,1.609877497716228,0.7968864135733442,0.9247717398527717,0.830057325578819,1.6361888660315766,0.6640148354010765,1.0225647569756342,0.8655481142556709,0.0,1.5189226692698046,0.623636880322692,0.0,0.5797835966168101,0.6138418218760693,0.3283796034387377,0.8950701379864232,0.37106786227173627,0.0,1.018834451540442,0.8238519448753229,0.7574434797061447,0.0
3,1954,0.0,0.3742899876753111,0.0,0.0,0.0,1.111418817882863,0.5445847540863061,0.0,0.7559510410041319,1.1604685311190375,0.5686025767143572,0.0,1.0689276116820718,0.8836472422915793,1.0746138079213492,0.7064312460612554,0.9618609668523751,0.5583656613310607,0.7831091863643898,0.738582386232743,0.0,0.0,1.036609886959405,0.5983344587511327,0.0,2.277756291118109,0.0,0.456366033129043,0.5428254269591799,0.0,0.0,0.9489016711686922,0.5211380837040364,0.0,0.0,1.3960701995113936,0.8274344735754927,0.876198589523047,0.5967773171278055,0.0,0.0,1.5042609862020315,0.5018007199150526,0.864189592089764,0.5364690074162822,0.0,0.6474155735816148,0.699114745041209,0.8230190577551206,0.9181942153128815,0.0,1.1058506743851435,0.0,0.0,0.5378190950732742,0.621384028481653,0.7616773079942546,0.36688968965338015,0.461648568063455,0.8039689536356528,0.0,0.7125644888621272,0.0,0.0,0.0,1.997892326701634,0.7109318241307762,0.0,0.0,0.6414741105040995,1.7336771292609918,0.5615237403765093,0.9623318404348066,0.688822230905031,1.5751275768462891,0.5634151583382077,1.1265630071789554,0.6788975762019878,0.45939248775923086,1.6491346281987007,0.42242567637120454,0.0,0.7771850776116231,0.6104871559548988,0.6618126855372612,0.8292483839516656,0.4633952302129048,0.0,1.8831235622613163,0.8787873197442202,0.9995654882259823,0.0
4,1955,0.0,0.5352941200427704,0.0,0.0,0.0,0.9603359810388291,0.46834733041215726,0.0,0.0,0.5582584466560393,0.5839210522188478,0.0,0.7678976160180907,0.0,0.8633130535710386,0.5041309059354528,0.8709658830793429,0.7832781164810926,0.9208187539523752,0.7042935415346215,0.0,0.0,0.9084515072090545,0.5632832741944965,0.0,2.1982229282990797,0.0,0.4487063199050799,0.0,0.0,0.0,0.9256245785486064,0.49554433754644844,0.0,0.0,1.6040584717765165,0.9545335604881983,0.9004191524325151,0.6728757423856114,0.0,0.0,1.5713120107944003,0.6670792054642166,0.8158958266763708,0.6488477083728936,0.3961993470957364,1.6984050542123486,0.6527296960692475,0.7127607392610344,0.7079957464229291,0.0,0.0,0.0,0.0,0.0,1.0282661634759844,0.6336061592689197,0.7295697263019699,0.4742162640762552,0.5843312243675308,0.0,0.7076948505941069,0.0,0.0,0.0,1.6634500367403309,1.2879616027396528,0.4385423487861107,0.48144262850230496,0.6798819421128623,1.5374292315239833,0.8496946140926237,0.9160235285605012,0.8864515554333884,1.5974102347841643,0.5918063569624095,0.9632877120913728,0.9261708904385918,0.0,1.5106764143454496,0.727744530836107,0.0,0.43456890403419873,0.6709670159425561,0.0,0.8654865434431541,1.1390521960730127,0.0,1.5742435375904653,0.9925114391108641,0.5276299008713387,0.0
5,1956,0.0,1.0153597554092142,0.0,0.0,0.0,0.8742949426088518,0.0,0.0,0.5906189482065779,0.7881683711411677,0.6926528633739655,0.0,0.0,0.48572142648158,0.7975560510930396,0.9009191298740571,1.0142141557920321,0.4805658292137677,0.5447344849900142,0.8534954125747759,0.0,0.0,1.174287609553274,0.8913422879345305,0.0,2.0265115796705473,0.0,0.4913616938342727,0.0,0.0,0.0,0.7835661398173642,0.48713837547718647,0.0,0.0,1.7569913273175064,0.8939992661761534,0.7583061817253068,0.8479066824252391,0.0,0.0,1.2832296405081727,0.6781768182817269,0.8522766246413802,1.039777531718809,0.0,0.7604224834232121,0.6519318714842086,0.8342007453418571,0.5845196793420233,0.0,0.0,0.0,0.6608654780038692,0.46834733041215726,0.5102097770893083,1.1643457662161931,0.47712125471966244,0.3873898263387294,0.287801729930226,0.0,0.8275289866372818,0.0,0.0,0.0,1.9530849175056935,0.9159272116971158,0.723044991643445,0.0,0.5630853728550487,1.5915519251348782,0.9450185659950081,0.9153794640852542,1.077908381847806,1.702011930188599,0.3926969532596657,1.13669465746232,0.8320829249507451,0.0,1.6362647497901548,0.4578818967339923,0.0,0.0,0.7787339398682266,0.0,1.0219924573253958,1.2017561059896982,0.0,1.4430519253091743,0.9786711614130154,0.8988165639111149,0.0
6,1957,0.0,0.8224949852787508,0.0,0.0,0.0,1.0176678787421327,0.45178643552429026,0.0,0.6921857248101558,0.9322453956299624,0.7180447335139175,0.0,0.0,0.42160392686983106,0.6724314076088492,0.914065352570759,1.0420804227289735,0.6292396540870879,1.0021372518800897,0.7712092155154275,0.0,0.0,0.7962658854120214,0.7325813774006895,0.0,2.6891528770092714,0.0,0.0,0.0,0.0,0.0,0.9259091367079829,0.5555780727729549,0.0,0.0,1.9603003430946615,0.9281221634658989,0.8882292364217554,0.750793633771209,0.0,0.0,2.092622457385088,0.492061604512599,0.7506516300020044,0.669342712208166,0.0,0.5145477526602861,0.598851276997861,0.9102418412481533,1.0130479961152317,0.40993312333129456,0.49692964807321494,0.0,0.7759743311293691,0.7528164311882715,0.9768083373380663,1.278908624030737,0.5646660642520893,0.5031094366713692,0.6047658847038874,0.0,0.8372283886101062,0.0,0.0,0.0,2.068126864746291,0.9843022319799033,0.5275224952860494,0.0,1.0846954095992951,1.9558361537559703,0.8330408104847907,1.000251714435884,1.4801516836623407,1.8521002075354407,0.6519238051682956,1.3302503050096048,0.7118072290411911,0.0,1.8072400523998526,0.37474834601010387,0.0,0.4132997640812518,0.8680302065951194,0.5058280338548362,1.0127754794223487,0.7158641243735001,0.0,2.0056274158168583,1.0400275540499253,1.4965211111531649,0.0
7,1958,0.0,0.6015167836500102,0.0,0.0,0.0,1.3563291287971264,0.5843312243675308,0.0,0.5462958351214424,0.7056552778647446,0.5212965380677467,0.0,0.0,0.4099331233312945,0.6692006191594739,0.76439854412171,0.7980851003403023,0.48358729696889413,0.6047658847038874,0.9036343035213211,0.0,0.0,0.6646106400474787,0.6838517697549018,0.0,2.368778606628592,0.0,0.6568166380441689,0.4432629874586951,0.0,0.0,0.6361036450945137,0.5643178765625471,0.0,0.0,1.1423776788415438,0.6963377553777278,0.5481846105451078,0.6622195667209279,0.0,0.0,2.166346051621931,0.5015156936648119,0.5393897820725049,0.5624686018801524,0.5043953395863244,0.6503075231319364,0.5405901401140482,0.8333010154805008,0.6216954623292789,1.036429265626675,0.6517624473801109,0.0,0.5600661162174508,0.4487063199050799,0.7409545058228052,0.645438645152035,0.4646385590950329,0.416640507338281,0.0,0.0,0.6680958423575254,0.0,0.0,0.0,1.465362684808148,0.925025447385288,0.5368108659915415,0.4424797690644486,0.5158738437116791,1.3847263730166055,0.7361118123405853,0.6533375199519263,0.8990905955630103,1.5219764529994189,0.47603415907844826,0.8456663869279124,0.4586378490256493,0.6229619635717382,1.2291818754667025,0.6012902464366409,0.0,0.5000400706290588,0.7441955013178757,0.7585334222372865,0.5430994041011198,0.4764773784239573,0.0,1.2508649258628675,0.9848560687194055,1.691104469835199,0.0
8,1959,0.0,0.46766975573376923,0.0,0.0,0.4409090820652177,0.8134996392446964,0.6352826379982119,0.0,0.5985169354268858,0.7581862012789402,0.49843691739634133,0.4927603890268375,0.45939248775923086,0.40312052117581787,0.5756688445137694,0.5241363765925685,0.590771102536505,0.4608978427565479,0.5387412533776514,0.7308885549292248,0.45882663167669985,0.0,0.6061302707714945,0.742632407344807,0.0,2.4707316701929445,0.0,0.414973347970818,0.456366033129043,0.401400540781544,0.0,0.6548781324330996,0.4790071393895141,0.0,0.5969111191266951,1.4950784863030229,0.5995373903497266,0.49874801993779994,0.558327733104142,0.4785664955938434,0.0,1.68565832841142,0.576980865093702,0.488668204525482,0.5502028655418438,0.5174158495788354,0.490504712786453,0.523573061146692,0.7050895345297001,0.5987905067631151,0.4712917110589386,0.47760353625940055,0.44947839918736504,0.4601458174917502,0.6215224710973944,0.8930678899149709,0.5659658174466666,0.461648568063455,0.5092025223311029,0.46785465369238555,0.17609125905568124,0.6843843034216036,0.0,0.501352737495438,0.0,1.3254270821420764,0.7931239761453075,0.5239595164621089,0.5327543789924977,0.0,1.255365103625478,0.6860252060424159,0.6054642158265646,0.5692763482348977,0.9037995556612375,0.4668676203541095,0.8685912642191628,0.5494937132150131,1.2212620559584035,1.1980266675506097,0.4942125888748959,0.0,0.6333000917542938,0.7759779205624489,0.5626397648427314,0.7054627880329917,0.6090516467129176,0.0,1.0661067479510278,1.106023112613383,1.3986800061144506,0.3424226808222063
9,1960,0.18752072083646307,0.5778506912566272,0.492061604512599,0.0,0.0,0.7297720531082863,0.0,0.42324587393680785,0.42160392686983106,0.8759702617829023,0.5450091442538584,0.0,0.35073245171612966,0.7939067395426609,0.4981956458693897,0.3820170425748684,0.5624383295064719,0.36361197989214433,0.4712917110589386,0.5784481853413271,0.9017647260133084,0.3996737214810381,0.8243461558002086,0.679362994201193,0.0,2.195682688484727,0.4292137870854282,0.6570558528571039,0.43136376415898736,0.7481880270062004,0.0,0.6136818231636041,0.7243714584946402,0.0,0.6509278090810661,1.9223498888775252,0.6245842147702013,0.476726261984928,0.5754380311958408,0.44793286559218015,0.5742242446168764,1.7963457317755949,0.42488163663106693,0.429483117005318,0.7033232283978662,0.4608978427565478,0.5081704638732256,0.4574493324732288,0.7545012293869171,0.4646385590950329,0.4548448600085102,0.5138831856110927,0.504244254358882,0.4210552287780141,0.0,0.31175386105575426,0.6471872978959895,0.0,0.21748394421390627,0.6732513632138493,0.4608978427565478,0.7021938164152978,0.44012160318780386,0.44085007065376697,0.4601458174917502,1.3230989738544003,1.306682311019055,0.424881636631067,0.461023053794435,0.38246732201583017,1.1206389519527278,0.49246936544032366,0.6836339173311101,0.7367449933107969,1.1536862305712676,0.3617802838748999,0.8454306020063638,0.5148132949992854,1.4720822371226026,1.2947023682880126,0.0,0.4620234446356336,0.6710184817815573,0.7746238317735313,0.4409090820652177,0.5639375071951208,0.5511449087563219,0.5569052690554478,1.571784367972874,0.922226719891039,1.5580747621493662,0.3873898263387294
10,1961,0.0,0.4489638322054815,0.0,0.0,0.0,0.7131722340441581,0.0,0.42324587393680785,0.48713837547718647,0.6204830741547483,0.4855084848338212,0.6599162000698503,0.505014240084107,0.0,0.4195427247002798,0.5137168848310009,0.6772779899918622,0.5561516778861384,1.348888723071438,0.0,0.6806678315623864,0.0,0.9038696596115873,0.5718252490408291,0.0,2.0915060145926705,0.7915152119416251,0.6004283257321312,0.4014005407815441,0.0,0.0,0.6392816895116581,0.5315143971682422,0.0,0.48986477039827553,1.4776669217521798,0.5224814944116581,0.7701152947871016,0.6224809188153587,0.0,0.0,1.9370234454154107,0.4605971888976015,0.4941545940184428,0.5192809544265257,0.5078558716958309,0.7577122703288088,0.5210191477915024,0.7886072016264235,0.41161970596323016,0.49854027846139604,0.0,0.7499938278694628,0.3820170425748684,0.75815462196739,0.48144262850230507,0.5258219521566627,0.0,0.40483371661993806,0.0,0.37748838337613266,0.643258327396253,0.4763968267253302,0.4549718281374377,0.33041377334919086,1.0607922419368339,0.6015167836500102,0.39590855734138175,0.36828688490213096,0.0,1.2440877582661698,0.4514026135974929,0.7345064684489541,0.8637051429303247,1.1479157936457112,0.6060228884233898,1.022502014120888,0.416640507338281,0.6556185835412222,1.297948318898567,0.0,0.0,0.443262987458695,0.6183401443806383,0.0,0.8633422096405464,0.643288139836406,0.4669602500829246,1.2751885420088414,0.955534087518038,0.955081134159813,0.48572142648158
11,1962,0.4548448600085102,0.57316180901509,0.4653828514484183,0.0,0.43136376415898736,0.943044984753846,0.41161970596323016,0.0,0.0,0.7752158969281918,0.46455578115102875,0.42813479402878885,0.43548033035381944,1.10895945274124,0.6262890292956749,0.6231343824776896,0.6966048280702181,0.0,0.39269695325966575,0.5329135486779529,0.781726175727599,0.43136376415898736,0.767612477486475,0.7162374296909605,0.43456890403419873,2.583252644359178,1.037399934774653,0.4158077276355433,0.0,0.45178643552429026,0.0,0.7511796309423406,0.5450492678078293,0.0,0.6771124636576784,1.7448630046528202,0.5954087312469218,0.4841415975953892,0.48768816511084645,0.42242567637120454,0.5581750391615151,2.029038080937909,0.4668676203541094,0.0,0.6441102004299589,0.4463818122224421,0.6073656530153814,0.4885507165004443,0.8596118137880274,0.6471383660631504,0.0,1.099507993727965,0.6580265470812092,0.39532639306935097,0.9185545305502736,0.8855496750060045,0.7695157907614827,0.41664050733828095,0.4608978427565478,0.5892046706423754,0.4358974290282978,0.7065028113909636,0.7651094972067183,0.6483681437602485,0.42975228000240806,1.1867327301449475,0.4871383754771865,0.38291713508753095,0.4548448600085102,0.39269695325966575,1.4286891272497557,0.44307166446952034,0.7639838768923862,1.2980958567617689,1.1822709072871413,0.7427251313046983,0.8053521599068889,0.4199557484897579,0.4668676203541095,1.2762648517637676,0.0,0.42813479402878885,0.5049802988952419,0.9117288642021202,0.6608654780038692,0.7875982099793709,0.6190933306267428,0.45111452437836946,1.0366821144642318,1.1924737809448172,1.188871219536221,0.3096301674258988
12,1963,0.43096145335494834,0.4969296480732149,0.0,0.0,0.0,0.7116471906371807,0.8071966607109473,0.6074550232146686,0.40483371661993806,0.6753581983493836,0.543995655904087,0.4727564493172124,0.6351904319913432,1.0975465115965644,0.9726949568248133,0.5649547653686208,0.7321854198700424,0.4964683687075945,0.46339523021290474,0.9488040459328113,0.6010938185559419,0.0,0.7801372190494913,0.6720516539373864,0.4281347940287888,2.636772993087347,2.2361550283872784,0.4871383754771865,0.5031094366713692,0.6111920608684343,0.48948973196227186,0.8417541313340162,0.7495044238761422,0.29885307640970665,0.5755726872053054,1.7340272090810962,0.9436656078764619,0.8178957571617955,0.5935972210108076,0.574320700915308,0.48429983934678583,1.449311863225908,0.5935937063914734,0.48000694295715063,1.055187138555754,0.49968708261840383,0.5629170857829235,0.0,0.7602593889163006,0.0,0.0,0.5599066250361125,0.7838440501818456,0.48614699680657264,1.071679534721944,0.6932871570056556,1.403349338084116,0.0,0.6060228884233898,0.834870873301569,0.625655360163779,0.6343827932780335,0.38381536598043126,0.8300247004130454,0.3862016054007934,1.683800992598924,1.1025194583683369,0.0,0.5782570766553377,0.33041377334919086,1.5829594491990047,0.4961143890971698,0.9900162600394028,1.1285069672879562,1.7120180004512504,0.48643047885443386,0.8878599044758556,0.5950060474147312,0.761927838420529,1.3531840251790415,0.424881636631067,0.0,0.4578818967339923,0.5499989115694881,0.7304592600457688,0.6414475505871476,1.135676860965679,0.4646385590950329,1.1694323572938492,1.2421712412823656,0.9223909460851084,0.45712462630340883
13,1964,0.0,0.3944516808262163,0.4345689040341987,0.4885507165004443,0.4760341590784483,0.9502073811180144,0.46822421361986477,0.0,0.0,0.8238327327590754,0.5584835669108787,0.4132997640812518,0.5092025223311029,0.44793286559218015,0.7793258746854148,0.5518564504891156,0.688597044993395,0.5413711986818104,0.5987905067631151,0.5807349540222254,0.868916154727749,0.0,0.8170003753103042,0.7575724226656986,0.4646385590950329,2.726686904673887,1.2222936734757632,0.5185139398778874,0.0,0.7275412570285564,0.2944662261615929,0.6311574753342137,0.6227319651647191,0.4174716932032931,0.5239631265725575,1.6109111693713558,0.8603078323173989,0.45680870682930236,0.655918597449728,0.0,0.0,1.545947437187401,0.5843783457782973,0.39093510710337914,0.5625654523688178,0.0,0.756636108245848,0.6538095453572067,0.779215361850974,0.46364418091155507,0.0,0.4424797690644486,0.45670334924844963,0.34275156723088357,0.0,0.4022613824546802,0.7623569832004117,0.814913181275074,0.37839790094813763,0.7820424166205542,0.5372452515905025,0.7403937094208242,0.403120521175818,0.5153770339546568,0.7708520116421441,1.1089031276673134,0.6304278750250238,0.5579080274827056,0.542410429811593,0.651278013998144,1.4147242706160947,0.5017437296279944,0.5978398657230432,0.9078590409316419,0.9193709221512489,0.5578078557646042,1.1457585805458734,0.5259082158339556,1.4891143693789193,1.410358693656287,0.5171958979499743,0.4716583590181603,0.5017437296279944,0.8013350956745465,0.4712917110589386,0.7208330664753234,0.8112677187319937,0.4548448600085102,1.683700207732398,0.8726800190280634,0.8124537636131984,0.414973347970818
14,1965,0.45178643552429026,0.772566173085639,0.5014016307667424,0.0,0.0,1.4309244816678353,0.4099331233312945,0.0,0.36361197989214433,0.9458377262351347,0.527494872413067,0.504470862494419,0.6175245348862924,1.2494429614425822,0.6924062348336306,0.5643278286571864,0.6721658715445452,0.5085297189712865,0.4712917110589386,0.6152484449094583,0.9621790068181983,0.0,0.7247039935487859,0.8271201177704067,0.4941545940184428,2.8712455216421526,1.9835616417363997,0.42934847292366174,0.0,0.982346624842883,0.7092699609758307,0.8797010349026093,0.9102685716190669,0.36361197989214433,0.9067950460786418,2.0061192910741465,0.8133061581663303,0.5564532712884694,0.7061220515297876,0.5587085705331657,0.46834733041215726,1.7275281489318206,0.6947148554123493,0.6467303862474234,0.7122718711795325,0.0,0.7569951253195821,0.6144577801139234,0.943682933397898,0.4927603890268375,0.5538830266438743,0.48000694295715063,0.6830985223811543,0.6417219247658326,0.8600383898071934,0.8099523099190991,0.8652011445153285,0.6700911622507956,0.6227319651647191,0.6041990438813205,0.571320548830742,0.6422594737185108,1.2715705717687915,0.640978057358332,0.6015167836500102,0.5774917998372253,0.7398359526414345,0.6283889300503115,0.48311161840884986,0.6580113966571125,1.5880017630585406,0.5331181097356211,0.6285166449407785,0.6473385068965719,1.1356714290339835,0.37291200297010657,0.9246539618939291,0.5109915855486895,0.941345766226938,1.5569155558231078,0.5078558716958309,0.5034501934420116,0.664485275398588,0.7732336798713927,1.2507126864591853,0.7183878373798407,0.9951230979538102,0.47074115808188677,1.4942371114135595,1.1432760914473603,1.363249916943368,0.0
15,1966,0.495775529716882,0.7455432019980242,0.6875289612146344,0.5728716022004802,0.492061604512599,1.0532918172976247,0.5541255815130127,0.5105450102066121,0.5434471800817002,0.7200903623022478,0.5971669131293078,0.0,0.6250036010148634,0.9798018747570318,0.7520985091558613,0.8210029811020314,0.7577886739857395,0.6083477151670096,0.6665179805548809,0.5727227029355034,0.9270846455149973,0.5987905067631151,0.8600760341834904,0.6512267866126209,0.0,2.959508496183301,1.2892313875823564,0.5549432055045624,0.0,0.9777236052888477,0.7979596437371962,0.6941410793480968,0.5837417749408732,0.4745804523423795,0.6577269440403796,1.4859953986420313,0.9324228341749372,0.5189544866112161,0.7115736397008839,0.555262434687211,0.6974037232004876,2.23136740840607,0.5259214856482411,0.525773421307313,0.6717288728694135,0.4099331233312945,0.7732164223509496,0.7166408615047913,1.02318056965563,0.5660444654877913,0.5590083941432121,1.1131445556352555,0.9459972528997602,0.4623979978989561,0.8366862284814495,0.5752359688660895,0.8420132074861643,0.9201342009162401,0.5128844243846223,0.6133645872469503,0.4975343346698234,0.7600917251864534,0.948412965778601,0.6982561330056276,0.4790471757557008,0.6329631681672611,1.4168290489399336,0.5644687921697042,0.7113853790984517,0.7019994748896369,1.6010730057784093,0.8477002256253973,0.7181729718137501,0.8385850069727131,1.5271607585117442,0.6808188012451051,0.8858686841821007,0.7453428263069577,0.9932238895089431,1.5697869533502105,0.504470862494419,0.5272431163880886,0.5396823488599453,0.8144440623603767,0.9382799860137825,0.7925567700771228,0.6560482664616273,0.5258024575098981,1.6611233547994149,1.158379762801896,1.236212955027809,0.730378468587643
16,1969,0.6032045367100345,0.6848220544567125,0.5535520515368583,0.0,0.6786366879737725,1.2335423190511472,0.6630499605449285,0.515284969747689,0.6454222693490919,0.8500193504937227,0.6149065325869173,0.5256925245050109,0.6818440056637478,0.9252089214120035,0.841527409740437,0.9246605817709537,1.0105303231309493,0.6390712540501257,0.46982201597816303,0.9058711193798483,0.8590782247469694,0.5663834721089377,0.906131307044331,0.973104776896603,0.45024910831936105,2.9136444582186107,1.776968256246082,0.6201360549737575,0.7723217067229198,1.0362628373886147,0.4989993635801532,0.7365168814527336,0.7663126487092554,0.46982201597816303,0.600797929801657,2.0722386355586093,0.8544342527911611,0.6216076446229173,0.7568126369206695,0.6706710131492052,0.653453721491571,2.2477369550325603,0.5382819159903786,0.5524248457040855,0.8244069067410124,0.5730006069487638,0.9006611749775899,0.5619527747899934,1.1823404225254865,0.5776484434753179,0.8633228601204559,0.5974209235343936,0.8510281786547494,0.5434057575549004,1.0396285326497114,0.6795738915835985,0.7198079178335698,0.7754405314866668,0.5712719890406872,0.805795958121903,0.46637326118644007,0.8824698436197873,0.48358729696889413,0.7565349113837286,0.4964683687075945,0.770898014976958,0.7662268935741685,0.5085297189712866,0.5602056229700592,0.5906189482065779,1.8118560922922413,0.6350010765709969,0.7676838895519177,0.9151870291273243,1.7063096650509546,0.6679196853173615,1.1654320977752703,0.643420688130401,0.8527848686805478,1.3453321667275417,0.6701152288869106,0.5516532717804258,0.6474229831191384,0.7889028572778807,0.8727226559442314,0.6473090807638913,0.6177340353640179,0.5071106154043924,1.3097286284090421,1.118034310760755,1.1728233951407885,0.8068580295188175
17,1972,0.7367947549243606,0.8317631597023541,0.5105003274058213,0.40483371661993806,0.7816901113745787,1.4217945618366101,0.7754003766642165,0.5352941200427705,0.0,1.1798592596859279,0.7933841695082404,0.4992287242836109,0.7923916894982539,1.1942367487238292,0.7322447992720643,0.6643359845695614,0.9016217640933571,0.7479941022510679,1.0251009610468134,0.512217305233624,0.9392032817694577,0.5972706587985411,1.0638442428827077,0.90010908533789,0.5768018958289126,2.5335207963410866,1.0928609433388174,0.3344537511509309,0.7120882348626437,0.9177680024477564,0.658964842664435,1.0721977839574737,0.7281372572843973,1.1535099893008376,0.5384256046508039,1.8513134229644164,1.349149121655755,0.6524075191391139,0.783288051500753,0.6882195375925544,0.0,2.44216199453706,0.6276645020559793,0.7950105586314464,0.7364091508322753,0.4803663095328095,0.8196622740430668,0.8168624602624944,1.0402628587173597,0.9587549498690894,0.40483371661993806,0.7085625255988419,0.7810369386211319,0.5168657614978143,0.9022749204745018,0.8477782423326509,0.7881515298621775,1.1322596895310446,0.7166292786197834,0.6688516480825187,0.7979596437371962,0.842167806966999,0.5803546611065916,0.9991763002556042,0.759290033024304,0.0,1.0704073217401198,0.6059033304097226,0.5570558304998067,0.670245853074124,1.9024196335719445,0.6493348587121419,0.7993214002447379,0.9849771264154934,1.444862080945661,0.8034571156484138,1.3233200990136726,0.891901986759678,0.0,1.639768734350947,0.6729440612502734,0.5877109650189114,0.6552985433779525,1.1778711595278064,0.0,1.1956710467314722,0.4983105537896005,0.5678312699812518,1.3940800578742183,1.228423530153834,1.2624708658959074,0.7708520116421442
18,1975,0.456366033129043,1.0539103642070833,0.8812514755383583,0.5403294747908738,0.9364990814416284,1.023106421221058,0.9414009953847543,0.8360074591255314,1.2065560440990295,0.8311610578365921,0.7519865233459804,0.4742162640762552,0.436162647040756,0.0,0.8539617092413663,1.0085221052802273,1.1998125472907915,0.4913616938342727,0.0,0.0,1.0618158547730723,0.8851676320263496,1.0577690876900507,1.0891747454886547,0.48108415181508984,2.997041201090907,1.6138543528075133,0.9965116721541787,0.0,0.0,0.0,0.8933422671253103,0.7539339781686885,1.5967345088476361,0.8031297919528191,1.8712967729054477,1.3533665506840675,1.0837414400078023,0.8180746122247432,0.89239609140922,1.1486026548060935,2.742197742397484,0.6210767012496806,0.8913515837206994,0.9936076609209797,0.43933269383026263,0.7661312759388741,0.9575993065663032,0.9933321147162826,0.9286977783977233,0.0,0.0,0.45178643552429026,0.48000694295715063,1.3109056293761414,0.878138650807716,1.0256471576060306,1.028977705208778,0.0,0.9867344221409672,0.46587833864637807,1.0448063595344876,1.1454036076839058,0.9704889312515337,0.0,0.7634279935629372,0.0,0.9045803142385401,0.9106244048892013,1.0098756337121602,1.9257739138747068,1.1338226682508799,1.2078026138102744,1.3220699085082348,1.5932583687850512,1.0626028733112534,1.3887629635577277,0.9121556049246194,0.0,1.4980631474068213,0.8937617620579434,1.360971883725936,0.9098055520759067,0.8869155457866451,0.436162647040756,1.23630350387079,0.7803173121401512,0.5698857476022847,1.4536044817421798,1.0766773512679841,1.1151943214345872,0.5024271199844327
19,1978,0.7234556720351858,1.0744228627229477,0.8931167301992987,0.8872202907837445,1.0017457261296323,1.4719684735221903,1.0137487298045569,0.8968860269991377,1.048181673387908,1.2394678828872938,0.9213872059648175,0.7185016888672743,1.080083134779368,1.433751841923509,1.2243797612954763,1.2473473001776472,1.2120588230141893,0.7634279935629372,0.0,1.0003287538810786,1.0705605895945702,0.8762711481225808,1.2032679007616058,1.0852656053040168,1.0365290919647545,2.876613960852162,2.031486771092334,0.9788524150831267,0.8135809885681919,1.1298145786270308,0.9973863843973133,1.119213676756476,0.9197606828705451,0.8364248168790548,0.8919541388581779,1.794849669960067,1.4991926597771628,1.0468485958924136,0.9877166698644108,0.8575335121635789,1.0153521834859869,1.9971411498144098,0.9026646747755241,1.0420886807761893,0.9659986007395083,0.8608369089600384,1.0644253388880687,0.9630611402782064,1.0853718584901724,1.0361503975643003,0.6893088591236202,0.0,1.3306502175799475,0.0,1.2706745700246065,1.0786039576084956,0.8436645420628315,1.2921675268213693,1.0542815774837255,1.0664517908045033,0.8057591356946548,1.1885499826882646,0.6294095991027189,1.050218274466229,0.9753331274308719,1.4014005407815442,1.8279083379333987,0.7873423794852188,0.8231227518757069,0.9159143513303006,1.8859844246441224,1.1034436554079197,1.2205344685944841,1.169451911328481,1.6258954124679101,1.0673025606046116,1.2207371924931243,0.905701900068708,0.0,1.6195971323167062,0.9687012628534548,0.9450851942960711,0.8623909338750647,1.0791661860078008,0.0,1.0875312324897355,0.8417894968823895,0.7787894233723814,1.8699457605090695,1.2076580637161594,1.9870684354973323,0.6906390117159673
20,1980,0.0,0.9003214160736942,0.0,0.0,1.0153159185189617,0.8925858639627764,0.0,0.0,0.7723217067229198,1.2662316966898932,0.8913187733551878,0.0,0.7363965022766424,0.0,1.0912182376882174,1.0648585908250534,1.1996371618270187,0.9645453877552769,0.0,1.0106179269885394,1.2840921906428342,0.8215135284047731,0.0,1.0588840283207255,0.0,3.0321402497456336,2.0574235100797886,0.0,0.0,0.0,0.0,0.0,1.0342695241566997,0.0,0.8345621411067902,1.7619922703071167,1.1673684349919649,0.9492385952824861,0.9023535731383041,0.0,0.7363965022766424,2.784732434996682,0.9337455690058554,0.0,0.8650216766965745,0.0,1.1065112132768817,0.0,0.9127300722476227,0.8964352982336959,0.0,0.0,1.0084005420264315,0.0,0.0,1.1838390370564211,0.977363174206004,1.0134385239581691,0.0,1.4197905861063627,0.0,1.1981746218807163,0.0,1.0386476968568588,0.0,0.0,0.0,0.0,0.0,1.0296604203770603,1.6269588981379088,1.013936862763838,0.0,1.0340392030613728,0.8870842171687575,1.04296907339318,1.220018137035839,1.0342695241566997,0.0,1.3034826491554787,0.979381185813237,0.0,1.0930104868693438,0.9493265047335067,0.0,1.073895625877007,0.8308024488922192,0.0,2.061829307294699,1.1462314268183296,1.3584249340139336,0.0
21,1981,0.7130703258556393,1.1161128406493552,0.9357743016882116,1.058962449125372,0.9798615717528018,1.4529563052527399,1.1627648182415076,0.6972293427597176,1.3279716236230106,1.295649777573079,0.9721678532108156,0.9296807178514692,0.705007959333336,1.1010794379825564,1.0928793929495477,1.1751622822963927,1.2918224653223804,0.9501579471941158,1.891672325398918,1.2517491418892235,1.2821339659119873,0.9300928545808609,1.2164211091852704,1.0701655166366992,0.7275412570285564,3.1887579869222877,2.1157233463286014,1.012801214718374,1.0285712526925377,0.8621839329241852,1.373693397708325,0.9703549801506278,0.8414346554374651,0.0,0.8818723899097818,1.9037978842166843,1.1955086144057692,1.0757567399699037,0.9674557052295429,0.0,1.0285712526925377,2.41034803411208,0.9291391760205993,0.9725913812330382,1.0253765657603622,0.6967930850817442,1.1027482669278454,1.0085429645985653,1.01703572664482,1.0385134625962118,0.9921114877869497,1.0873933776645106,1.490131366785956,0.9107762658055162,1.5947682150265148,1.5255971977315874,1.2723988967073532,1.3551012038062196,0.975552750723422,1.222029030393134,0.8234742291703011,1.18300219985146,1.198931869932209,1.1384473490594704,1.2435341018320618,2.028860935798748,2.079386330263388,0.8027737252919757,0.9096688803327498,0.0,2.092097783189481,0.9989453609440708,1.2636960594068574,1.3306083403633815,1.7322774072905798,1.236521864418351,1.551124298727194,1.088479265080808,1.2721562089722755,1.6019380204587161,0.8245813762334826,0.9764359580477163,1.0157062684615168,1.1226912111510938,1.5019081878056297,0.9609377021761621,0.9583249316440532,0.0,1.5326572471318953,1.4247151483279217,1.6078778922537469,1.3121773564397787
22,1984,0.9500286816411596,0.9169111646459709,0.9419135899041444,0.0,0.8989295829548223,0.9884135818760288,1.2247929270543545,0.6522463410033232,1.034630060664766,1.3665072919311154,0.9459467557848804,0.0,0.0,1.368979668771802,0.6941662959331982,1.1386134181269663,1.0837197120918831,0.8361521153863147,1.0555379129204112,1.0023405277436308,1.196668702100743,0.9057473949317278,1.2570011592845474,0.8898362055523803,0.9628396050691813,2.677230554415957,1.2368664347058098,0.8576690949779205,0.6769221255374807,1.2551385870459542,1.4978363763390672,1.1561649646491243,0.794139355767774,1.346856587836338,0.9287579677600911,1.948460510433635,1.5227436594747203,0.9549071668066599,0.8968453932698751,0.9390608332030059,1.0183767371089496,1.8498026653818394,0.913085282589763,1.1882225589532063,1.0743604913372407,0.7052933977148915,0.9926490637924434,0.9318397939854102,1.076190418773705,1.1962739110356524,1.189154272242709,0.7084209001347127,1.2658908294091331,0.9212457030431848,1.0569616741630286,0.7678049047553468,0.0,0.0,1.027050636886269,1.331944632198717,1.0199729238317585,1.11706244120599,0.0,0.7779099086258889,1.1255235544900477,2.074094275218387,1.6101692376300056,0.9114934309610797,0.7147487607250598,0.9331048593884337,1.5511907919338528,0.9927897089087713,1.0052740881621318,0.0,1.0450603487224948,0.0,1.080022087784365,0.9678538557699031,1.08688250270204,1.630253849932739,0.7819662254744586,0.7147487607250598,0.979691750156305,0.9648378560438159,0.0,0.9582270111417004,1.1970817666128024,1.0156686890658562,1.5482656357812346,1.1693770255749234,1.540505240349431,0.8230392822316899
23,1985,0.0,1.074690090178026,0.7024305364455253,0.6493348587121419,0.9060651313979913,1.4292738042137452,0.9656807839245622,0.6776069527204931,0.0,1.1248999952955856,1.061998196046319,0.0,0.0,1.6904774294259888,1.0326320576143724,1.2351353619668362,1.2040241623691157,1.0066432324766244,0.9869571429043968,1.0780253884730429,0.9486266002934679,0.9704382126110016,1.3982351515214495,0.929984022522049,1.0084754432118,2.513034694643263,1.9569564524509802,1.09755648273538,0.0,1.2277288394337216,1.0025979807199086,0.9799676943046198,1.1137597377765762,2.069112851387121,0.9508460848866243,1.832943780976881,1.2176132575278582,1.2669220365924718,0.7712199019495336,1.0308439411218626,0.0,2.6454223360734224,1.2126264846006378,1.0439766450749401,0.8943957678878224,1.0178677189635057,0.7877051714839354,0.9740556398963431,1.1196641457980139,1.1533961932039256,0.0,0.9684829485539351,1.3033198743148924,0.9413961686364523,1.3284013298530184,1.232859713735753,1.1068097254104885,0.0,0.9116640790129624,1.2520800453695207,0.0,1.09715312705826,1.4839131451534395,0.8462427954403511,1.1828831352376106,2.4965834840054986,1.3607252109640307,0.9964547110478313,0.0,0.9731278535996987,1.7276659625919335,1.015981010105479,1.177480600757041,0.955001764202764,1.1673022634341128,0.0,1.182447009306851,1.1727363803731568,0.9752905134383983,1.7369156566046378,0.8911556143248546,0.8591382972945308,0.7041505168397991,1.082376099427012,1.060113453452654,1.096570323363948,1.0072915826051674,0.9495915814777464,1.4646149948141622,1.1811796620920494,1.3953055087116712,0.0
24,1986,0.0,1.104998949299634,0.8626873437939029,1.0178677189635057,0.9077462905012202,1.081946367495468,1.1165650221517254,0.8779376472735669,1.0791812460476249,1.188967380812125,0.8538023394053743,0.7588173057740771,0.0,0.922041931341408,1.0152839778260074,1.0214788553404504,1.0775920097310405,1.0937241499754653,0.0,1.0044609917378795,1.0693797751246876,0.8619953625962251,1.2109266813975144,1.1408632083200962,0.0,2.7253301060733977,1.9440147653569013,0.9566497549179551,0.8252050192382168,0.9190433997565247,0.6439459127480667,0.8923297381223075,1.3086273612469668,1.320146286111054,0.9125681180878344,1.7262146046351907,1.2191657787690453,1.0369703920847728,0.73453314583352,0.8446311431568047,0.725094521081469,3.36487181390827,0.9952202715434791,1.0114493147890322,0.88895847738828,0.8878984880968722,0.9290511141796017,0.9662140174709916,1.0559832922128358,1.0383992433845028,0.0,0.0,1.0037187269977823,0.8137255514342201,0.0,1.343619534841314,0.9132073499487554,0.7041505168397991,0.9573622988692309,1.3464320482989276,0.6803355134145632,1.081435258150903,1.1376166029270978,0.9579981198283836,1.373095987078727,2.296448377020736,1.6526163758365635,0.8766507641847969,0.7126497016272114,0.0,1.706344342040433,0.9376804587332156,1.1183723574732338,0.0,1.7102702534537668,0.0,1.2054451852977943,1.8533705425681446,0.0,1.5826742232238866,0.0,0.7923825890655778,0.9960164678831783,1.010683501983802,0.9643072066496565,1.2496086836902225,1.195207549502754,0.9843064645856437,1.3158358297102948,1.1335069926577557,2.0552274947545457,0.7817553746524689
25,1987,0.6875289612146344,1.0940548846699003,0.8019509643343546,0.8990105596595726,0.8602448304262744,1.245710291580018,1.1186623286667081,0.7031480229492122,1.7181974433224676,1.195196039874189,0.8527507734475795,0.760924848409133,0.0,1.361806494415812,0.980980404479008,1.2491943212345373,1.0175299494526833,0.9637878273455552,0.0,1.0472973519303883,1.2305941714932955,0.872375061657366,1.0260509129584396,1.099175641731772,0.0,3.121900851699959,1.6855101725476516,0.8678703639286697,0.6632296345328678,0.9564085711958326,1.198276287055183,1.035618886383423,0.791113946583608,1.5475901217701526,0.8671562568571753,1.6686960897301188,1.3811901311975912,1.2209184723630053,0.9139852702935976,0.8832742597563878,1.0063534105934646,1.8975770895945365,0.8222381513527722,1.0579570730878094,0.9633406351786196,0.6917443685913743,1.07081561584396,0.917177170169021,1.1629975785502578,1.0304438458223288,0.6655809910179531,0.69810054562339,1.103623871842685,0.0,0.9454685851318197,0.7835462822703498,1.11859442876839,0.0,0.0,0.9016173042860978,0.8710958544503627,1.0646185088855966,1.3112398979020774,0.9668389119232301,1.131891648408839,2.425462416579129,1.842982398063891,0.8838515301826015,0.9924716657115218,0.9512815767036065,1.765047900941247,0.983175072037813,0.8667935042454785,0.0,1.7433322613665725,0.0,1.180752728834579,0.869506734715514,0.0,1.6092987996373134,0.8730298120610442,0.6850696293911485,0.9996682714070396,1.0145768316230672,0.8050475235849791,1.0483064393208017,0.8874650065984784,0.7913397039651395,1.4969133735803895,1.3129669133552315,1.6902195220358633,0.8913507852204792
26,1988,0.0,1.0977232033198827,0.9837876548914225,0.7560018238014189,1.0200753608954631,1.0842134090312645,1.0002651764448593,1.0140248868413502,0.9938769149412112,1.2512414614995158,0.896822609312182,0.7389786403495605,0.9720839235684982,0.6789733759197651,1.065088306061617,1.425433566063538,1.3753151946181568,1.2099169530089915,0.693726948923647,0.6873803065899061,1.212364340023861,0.8146097224947716,0.962938599974969,1.088887720929374,0.7007037171450193,2.7451467199330994,1.403232985518523,0.790607650460743,0.6739419986340878,0.7256580565642143,0.0,1.064426788789971,0.845356471727865,0.6945077032586945,0.8828460835392916,1.7593979028868894,1.4471520322590066,0.8988755204334493,0.6763887345811751,0.9067611564649737,0.8376786063001772,2.5766134857223952,0.7799970949961302,1.121681088321186,0.9390047333067725,0.6875289612146344,0.86295831624738,0.9742743317749861,1.0772322356215747,0.9085769294560333,0.7058637122839193,0.5809249756756193,0.9877612442945055,0.0,1.0502600231248285,0.6711728427150833,0.7855216831553619,0.9707273178233761,0.8671473649955013,1.0648945601509257,0.7218106152125465,1.0022019677827345,0.9158160149132094,1.0191137476548375,0.7058637122839193,1.8670194866923933,1.5571496870344161,0.6757783416740851,0.0,0.9175366495035604,1.761881930601898,1.00724114700441,1.0600035176465756,0.0,1.7733261503230986,0.0,0.8370145779883698,0.7041505168397991,0.8813846567705729,1.5107343484082456,0.0,0.7670964125424402,0.7185016888672743,0.9892548981616635,0.9849771264154934,0.9134236418514069,0.8014608803566601,0.8228643107353398,1.2427623599915263,1.1028360807711448,2.065216724909719,1.134389632406994
27,1989,0.6776069527204931,1.5634863377021835,0.8399939290718956,0.700270937356437,0.7397347394294383,1.009513846151305,1.122491697601374,0.6730209071288962,0.8782344686750442,0.7999506933956372,0.8435024445803974,0.6812412373755872,0.0,0.9616531304312694,1.2217931309551484,1.1734918451091498,1.32080826826926,0.0,0.9322200138771191,0.7391271424819369,1.006844386316417,0.8904199987386745,0.9328552789915662,1.0219950904481532,0.6950436588212942,2.5714892388017243,2.1198353996221324,0.9733333325361095,0.6893088591236202,1.9368654589756225,1.1466705647705322,0.8787346026347522,0.8915684289317612,0.9590413923210936,0.7725311668145507,1.6173357352704905,1.1496186230228955,0.8442097755579742,0.9538686140081966,0.8342346484487683,1.0880474481283682,2.309466099628251,0.695992139377162,0.8803365493231531,1.195204158420137,0.6707095952237971,0.9501053650816637,0.9405579866270805,1.1133627310187117,0.8599384716008621,0.7041505168397991,0.7092699609758307,1.2647464771999788,0.8751168495279469,1.3903552885697403,0.7849143273766226,1.1561787932515484,0.8300419765082656,0.9988781086116739,1.4709253716807005,0.7058637122839193,1.033364658996979,0.9975226152760781,0.876499019475055,1.1408221801093106,2.326651664885996,1.2696102215129592,0.0,0.7204349584338741,0.9173085357120381,1.8567677295914977,1.1079786560665918,1.1844403379271187,0.0,1.8535495002231608,0.0,1.2765415240479363,0.913849733158966,1.0963015747271474,1.5259989889623402,0.7299742856995556,0.6753199833392922,0.6839471307515121,0.9104118012120668,0.934692129901618,0.9301673007484772,0.7954265799460373,0.6972293427597176,1.394862684991145,1.0624670024785456,1.1242324340488279,0.8606374167737547
28,1990,0.0,1.418636615358834,0.7423759497929001,0.9689993584432635,0.9206751821735882,1.290080568051632,1.093569909555199,0.6679196853173613,0.9863237770507653,1.106383571984854,0.8676573697790944,0.0,0.8058405488146727,1.0504158198242108,1.35847237621624,1.2493496098863115,1.230340208656716,1.0808068043343622,0.7433790908950674,0.8820736926661382,1.210642039138259,0.8789221403462855,0.8764642962940258,1.0943709690808783,0.9344654234073579,2.6662736213844465,1.5231634961058427,0.99056082999402,0.6683859166900001,0.7434668917107268,1.3070679506612983,0.8602650336430057,0.9506758034791315,0.8619324809894767,0.7551122663950712,1.6845824781048508,1.1479610677584056,0.6901960800285137,0.8746750521773611,0.758011826604757,0.8494194137968993,1.8889020574127682,0.7161888999212807,0.8206468821735614,0.7812178649524545,0.6669857183296606,0.895009429740923,0.8015410805162163,0.9295198572419829,0.6429588794097907,0.0,0.8251014115980032,1.037810254789503,0.9132295982984623,1.032440083228737,1.0023460801971797,1.0315694364699082,0.8363241157067517,0.9894498176666918,0.7348886877951729,0.0,1.0366279671761314,0.6825461795950499,1.0788209209172352,0.6222140229662952,2.1351621833822287,1.3793532331221385,0.680033185186619,0.7518348778707513,0.9878106036407552,1.6203624267598908,0.8843157544712746,1.0784408036021578,0.0,1.6844843598396884,1.293141483450931,0.9201233262907239,1.5794518449581532,1.173962834523349,1.4454809496301484,0.846955325019824,0.834513529769812,0.8855308331880921,0.9116784239764653,0.6794278966121189,1.0519006572961895,0.7411953851584111,0.8195439355418687,0.946288473013431,1.0346629644190117,1.2880871972607526,0.7737864449811935
29,1991,0.60422605308447,1.383436065920039,0.8496654033725805,0.8704039052790271,0.9069989223466118,1.1551572261305787,1.015946097134437,0.91282908327541,0.9966202759739548,1.259661388006547,0.8605021581399948,0.6541765418779605,0.6753199833392922,1.0908750112031753,1.1735068218716844,1.3221752119605341,1.280734947299136,0.9428061109551708,0.9041743682841635,0.6602328566510705,1.0687725265765855,0.7024920427799594,1.1350244340940454,1.0326230615048082,0.9055527692747255,2.8082343807718444,1.320748845449938,0.7026125960603233,0.8682524758394259,0.6996209579656139,0.0,0.6324572921847242,1.1268184261214746,0.8416722500736344,0.8516587877122707,2.009277133926325,1.4451635259440843,0.9065311689924129,0.664406904112279,0.8082456810434491,0.6848453616444125,2.597325692719065,0.8051194812395542,0.9450478028728585,0.8864513948301861,0.655858458986096,0.958990248101991,1.1617029553543743,1.1024039101350038,0.0,1.0187004986662433,0.8718262001319976,1.1800262782977622,0.6294095991027189,0.8382979447169291,0.9152546943368076,1.016683204865538,0.9935831750031257,0.6354837468149122,0.8627103632191458,0.7407899434756419,1.0646412605142945,0.6399842480415886,1.0143213446094643,0.7377225933280354,2.275061242501507,1.36757576397468,0.6412261547554837,0.6637009253896482,0.8529554138718273,1.878562681680062,0.8717606636060404,0.7931593732674854,0.0,1.9893669678957369,1.3091479180561212,1.197998113778863,0.8669621277307964,1.2781694021346235,1.7356359105394739,0.6976651626476745,0.8034069951428426,0.7590095825361632,0.968970715339327,0.910869613331181,1.0245282253931836,1.1125795217307364,0.6683859166900001,1.229535124787541,1.304724399547304,1.5048656304879569,0.8052496219261028
30,1992,0.6925531793391445,1.2560878088778258,0.7439877896287087,0.885361220031512,0.7142009704207462,1.143355887184855,0.8278805798953482,0.7075701760979364,0.6803355134145632,1.081727245864793,0.9148570212861012,0.6848453616444125,0.6906390117159673,0.9397225413761454,0.7880504684712692,0.9681977106896811,0.9786624360162679,1.1279860562120754,0.7019994748896369,0.8497605452902878,1.2196306770096368,0.8213022260784634,0.8671570887667064,1.0500960113806865,0.6784045552989557,2.4180072263564134,1.704150516839799,1.004427096569782,0.692259240592287,1.0341873081219621,0.9552065375419417,0.9189148916977121,1.0407640633672541,0.9335716414435911,0.8842107144888013,1.4379379152293377,1.089124486125611,0.8832355718746179,1.1788091410717059,0.8669603873468456,0.9489646561089545,2.717174253828941,0.693726948923647,0.897352134344313,0.7679704082387635,0.6884198220027106,0.9687523826251865,0.8659877093317666,0.9592987690371826,0.6794278966121189,0.7075701760979364,0.667452952889954,0.9462181449786017,0.6812412373755872,1.1522367764979102,1.0449495663203032,0.8659918001262753,1.0986108150838665,0.0,0.7469860752897902,0.7084209001347127,0.9621584665772421,0.9712758487381052,0.881984429738585,0.8683504996479683,1.9170280217186806,1.15113125989424,0.7878735544290768,0.6744018128452817,0.667452952889954,1.7039969905379202,0.9341156194632437,1.2413877525984416,0.8018082627233349,1.611398980719293,0.6394864892685861,0.9614199959235236,0.0,1.0483626396706003,1.4224266548460922,0.0,0.7147487607250598,0.8106804752105635,1.114588970062713,0.9709221909282869,1.0070791487951172,0.8322712524175077,0.7989839110554846,1.3434321256872197,1.1435069734350427,2.0166287469149706,0.6839471307515121
31,1993,0.6976651626476745,0.9421795199916309,0.7352590783779673,0.7806173014329407,0.7645038972724243,0.9320190004461943,0.7428304678817823,0.8270423304983255,0.0,1.0998903419822397,0.8104491361248568,0.69810054562339,0.9599948383284163,0.9573522457341351,1.4885710892044566,1.4078143386982243,1.031068051608472,0.9825910907304674,0.631443769013172,0.8142475957319202,1.0993758114939742,0.8546648711493801,0.7810968537046101,0.9059555181134274,0.6519238051682956,2.5867659393572655,1.2411935559760434,0.702574128604844,0.674248595527798,0.6929937147769893,0.0,0.7168377232995244,0.8101064467333047,0.9699592171113401,0.7696808906497599,1.7140421487801532,1.2722302976491107,0.8356905714924255,0.6720978579357175,0.7823958326389173,0.0,2.076545623211689,0.8389662959664804,0.8739350105462741,0.7754811678111081,0.6919651027673603,0.8778893407684348,0.7460650092998288,0.8458362155161071,0.0,0.6976651626476745,1.0401076430769827,1.2473889169084869,0.0,1.5811101667716878,0.8732721503754084,0.7151673578484579,0.0,0.631443769013172,0.8810992183890172,0.7249309141923979,0.9043925754338068,0.6570558528571039,0.8240692536622966,1.4019172505175745,2.144437433008761,1.3183649226455945,0.7697464671794535,0.7235582814820667,0.7028611705729293,1.612152520745236,0.8635332040279436,0.8575684743760983,0.0,1.7967059322374321,0.0,1.1709175181923877,0.0,1.454476442383187,1.5390029497854232,0.8887409606828927,0.8255613403868136,0.92667678639669,0.9437798566153989,0.7920413107120823,0.8013860417168357,0.9227831064279239,0.7824726241662863,1.2034710723167417,1.1494496111424324,1.8473027975929024,0.6473829701146198
32,1994,0.6756765260642169,1.1057300432039074,0.8220772284834522,0.9220763852646061,0.7990245291035962,1.0419222097020757,0.834950266583269,0.6762362167633115,0.5976951859255123,1.1464574695534255,0.8333069615320107,0.6730209071288962,0.7045794496962993,1.1522883443830565,1.1127070325802475,1.0039999293654918,0.9337687320359979,0.0,0.8321055021363887,0.9552065375419417,1.207033165680948,0.8476746251497737,1.2192352519809677,0.9673161411826598,0.8967032060240215,2.6785243829368914,1.8106136799482264,0.6288995644206067,0.6718667887725632,1.1144788745748213,1.2599520599222542,0.6603910984024671,0.9873426575545515,0.9247959957979122,0.8727984101535748,1.5681776363972004,1.1958114992571602,0.9300014347216553,0.8591135283874848,0.7723248530641881,0.6785183790401139,1.9879124908581378,0.8014037100173551,0.6776069527204931,0.8774634237513635,0.6652682113991736,1.1072814821416443,0.7398633095211827,0.9765946271592479,0.0,0.79778672138496,0.0,0.8826574416428083,0.6486039281352811,1.37675939540488,0.8875235306102497,1.3616334139100563,0.66133934000604,0.0,0.651278013998144,0.7109631189952758,1.018235247623618,1.1408221801093106,0.9265697396490075,0.6901960800285137,2.0486717742479637,0.8738370811174211,0.6580113966571124,0.0,0.6763887345811752,1.5995351849019999,0.9532763366673044,0.89813435141204,0.0,1.5874098900815972,0.0,0.8234248253136831,0.0,0.9268567089496923,1.9458571753881349,0.6785183790401139,0.8254570295071794,0.7709930730964503,1.0032341255026482,0.9012628994094242,0.869772289179238,0.8980342968239988,0.6901960800285137,1.4467070135179527,1.1688850526080237,1.905030984576666,0.6848453616444125
33,1995,0.6633867883185172,0.9016306813009203,0.6753199833392922,0.7366089491351792,0.7685610262510675,1.3513955828353674,1.142993821493916,0.7011360660925265,0.0,1.2728406566744284,0.9011129419979415,0.6764649734090551,0.876506504265881,0.9134677618913426,0.8766437750948847,1.219241477681495,1.1200287593403115,0.6515202982342204,1.0265435599995165,1.0164994229323236,1.2546677989991675,0.8462794199267799,1.0441823484260664,1.005690656504048,0.6327103038329541,2.823572041743054,1.4862586390045296,0.0,0.8490590585954171,1.6473829701146199,1.1344958558346736,0.8414031584491326,1.0216283946118963,0.6915235221681544,0.9231020183501788,1.3487364082574833,0.9452024054865834,0.9865131426340816,0.617000341120899,0.7249880254523898,0.7126497016272114,2.2502172273453795,0.712665571812675,0.0,0.8059537200158091,0.6906390117159673,0.8564431387977363,0.8044256178532477,1.0901120483484863,0.0,0.8625289028940215,0.0,0.8049671251733869,0.0,0.5538830266438743,0.9547014729329227,0.5065050324048721,0.8970224148154363,0.0,0.9618954736678504,0.9175532819437007,0.943251501671315,0.0,1.040254591636434,0.5024271199844327,2.417383342011657,1.20454610385269,1.026986977980676,0.75815462196739,0.7176705030022621,1.5558923916576708,0.9112213427732482,0.9503994151977119,0.0,1.3411697339664095,0.0,0.8011749533716115,0.0,0.0,1.3234393560192017,0.0,0.6712037083191547,0.7792356316758636,0.9197215576982485,0.0,0.8650035331688919,0.7499294641076698,0.7413194384416899,1.3454429523955493,1.2706633897497182,2.15750599715036,0.639486489268586
34,1996,0.746472021676684,1.098451624821509,0.8729042276283798,0.6903068553082632,0.8133771781825326,1.2187895660765062,0.6946051989335688,0.7789080002658254,0.0,1.3041264639917978,0.9406913472597573,0.9097699147327691,0.0,0.9791969502349206,0.6878261179021793,1.3937855134924189,1.1372373408634076,1.0156532451574802,0.0,0.0,1.1886763748796407,0.8596179262499315,0.9659587208322374,1.1084033560668767,0.8289467325528008,2.4871504746232747,1.4603599580040667,0.5763413502057929,0.7630222129415641,0.881961223222674,2.2664198658791035,0.806467361465323,0.8115734867308598,0.8851578796414971,0.7757188174196938,1.9304738847643663,1.279453933938379,1.3406128475593289,0.6946051989335688,1.0737192971192777,0.8944841583524527,2.2326113568084973,0.8797649800174437,0.953802772832804,0.9441002369350082,0.8798124189827011,1.036441849667758,0.8379488777123624,1.0978496833145657,0.9163486522754601,0.9069311908100282,0.5943925503754267,1.218123452994876,0.8770258464456223,1.2379915442818037,0.9480335858314349,1.361474117577663,0.0,0.0,1.008920409712381,0.8001111975742797,1.0353963461060902,0.0,0.9371285074091693,1.5342743861189976,2.5971217060382394,1.2199045556577055,0.7110569900605722,0.7567229457836019,1.3517963068970236,1.8318436902809485,0.9354584679318421,1.16690671136391,0.0,1.3896000204210066,0.0,1.2246454137691518,0.0,0.6614971791798301,1.7740588604167353,0.6730209071288962,0.7823665518668989,0.9916151776479467,0.9885622684497233,0.6364878963533654,0.7482407638711164,0.830615803223837,0.6776069527204931,1.5827498262207207,1.2338661190115383,2.100013786779683,0.9512182560388067
35,1997,0.7437859320928527,1.1902288098709441,0.6753199833392922,0.6901960800285137,0.8512583487190752,1.4576569088743034,0.8867726430544381,0.6910814921229684,0.0,0.9894281389122098,0.8637143220753757,0.621435949634432,0.0,1.2127201544178423,0.6493348587121419,1.061379190596824,1.016495327114433,0.7007037171450193,0.0,0.6627578316815741,1.0046327597229492,0.6910814921229684,0.7737864449811935,0.8824487322567303,0.6676085861049875,2.4100168898315752,1.475827259367891,0.6816933920045641,0.8266146343202436,0.623938100188453,1.366329550519106,0.9450210916665069,0.8375245299945497,0.0,0.96030015830948,2.001706399167512,1.1201194370328789,0.9760013257944549,0.8211377306116975,0.8582137670465629,0.8087362775041205,2.3850085847723306,0.7753676897653259,0.7347672162879048,0.8689381783329112,0.7341995606862309,0.8885616594843986,0.6175245348862923,1.0634123249817529,0.901700875504626,0.6843964784190205,0.5550944485783191,0.6693168805661122,0.9611528759467236,0.7587821597024721,0.9571281976768131,1.0555725353295928,0.0,0.0,0.7688846493563667,0.9703468762300933,1.0433501691519127,0.0,0.9239246064647454,0.6414741105040995,2.462653677480224,1.1842339868274272,0.9251125384092416,0.7222224639697303,0.6294095991027189,1.6165009219898874,0.8746592874652047,1.2058515529149632,0.0,1.3912171584518822,0.0,0.7991202132045819,0.962291515630235,1.400192488592576,1.6151473403437018,0.6665179805548809,0.8003291552412943,0.8538249132042409,0.8647584780695358,0.8281226027863446,0.8982678898465075,0.9749504285572952,0.0,2.07806737880788,1.3499111058857216,1.9074388164360538,0.7067177823367587
36,1998,0.7128061793622232,0.8605934529990419,0.7535511430757397,0.7668257923578343,0.7625017014353619,1.3861376241449457,1.2009027866138746,0.7051628186643566,0.0,1.3358308287610612,0.7134647011384214,0.7781210899973748,0.9002918717403042,1.3537431707539354,1.0231628681801226,0.8236856259250137,0.8820715233158714,1.9789561652175915,0.0,0.8314893957599229,1.1148617519828716,0.7596461656156641,0.8020158928647826,1.1145890520016248,0.7964008582802609,2.30221861775546,0.7900504736833514,0.6730209071288962,0.7686905044331215,1.1468019646055374,0.6711728427150833,0.6637009253896482,0.907832881557828,0.0,0.8103662331250174,1.299680520309794,1.1605684569085575,1.0865049319850582,0.6995775913989091,0.7886610052573375,0.6551384348113821,1.0452172101001573,0.7113677931219797,0.9945211505550103,0.7177398292825441,0.6585557399979903,0.9213113034033614,0.9841508942253033,0.9637585411154334,0.7452049562711491,0.6949462615385573,0.9547820745475124,1.0152005641096622,0.8420872422639409,0.9802993559165176,1.0028985278798166,0.8247764624755457,0.0,0.5921767573958667,0.6647464109256088,0.6852439798292612,1.0141872455247944,0.0,0.7316976572990401,0.6998377258672457,2.289098043191488,1.3769323584732747,0.8150398439028483,0.6713271488037214,0.0,1.4190149713493905,0.86268035903253,1.1556459349294246,0.6757783416740851,1.1216351481951843,0.0,0.7601315846467724,0.6869340371737892,1.4613285109601635,1.1787794151451794,0.6253124509616739,0.6897622019700848,0.7649048472116081,0.9507095286202267,0.9248992640142835,0.7759572665946346,0.644876055616038,0.7574623067918164,1.430136914687511,1.2350877169672358,2.37221706420987,0.5905074620085833
37,1999,0.8828408183373392,0.9458335935916852,0.8503058023544281,0.884276023517456,0.8354672116769324,1.2056092298165788,1.2650285581161562,0.7430979653487704,0.0,1.2384591256765525,0.9468651747379841,0.0,0.9990999046040545,0.9334872878487055,0.6283889300503115,0.9099949361442161,1.2157243664612287,0.8878074406856543,0.9283958522567138,0.6580113966571124,0.9841680951724847,0.7911028678641423,1.0374762648654114,1.0384405340329481,0.6560982020128319,2.512821262685199,0.8860586411002602,0.0,0.9636697965031646,0.8886941995004083,0.8315199592171129,1.0302046973129715,1.1936102273284683,0.7865739780238269,0.9061160442300221,1.4920522048376355,1.09121808419325,0.7693643561356983,0.6946051989335686,0.8482141509046738,0.9890046156985368,1.4731085226810245,0.8550750639812399,0.8740397750036596,0.8091732170032102,0.7564459201622729,0.9638773513280418,0.9585091999451023,0.975407790529835,1.002240728060477,0.6594407818703177,0.6803355134145632,0.7015679850559274,0.7218260425563944,0.7708520116421442,0.0,1.0849335749367162,0.0,0.7383841235121559,0.5514499979728752,1.0094508957986938,1.0467108149264464,0.7599509879020306,0.9727761608270454,1.3662530242469964,2.5085256793767488,0.9628426812012424,0.6652682113991736,0.7112446713434859,0.6748611407378116,1.60365460187016,1.0151347107717803,0.7166750276715743,0.0,1.3364984271126958,0.6304278750250238,0.8642143717507428,0.7887356248231487,0.6901960800285137,1.5128369155331824,1.0075677516538868,0.9081273158902766,1.0148416887004283,1.1015403313895653,0.0,1.018276084001003,1.0633773232317811,1.109556842886206,1.1014242945292414,1.0886916043118287,2.048976455954136,0.7168319067339233
38,2000,0.6608654780038692,1.13909456323846,0.8457657402398684,0.6556185835412222,0.805016140989552,1.2752089475057629,1.037602198926104,0.6866362692622934,0.7193312869837266,1.2902735827708163,0.8920567228972807,0.6688516480825187,0.0,1.0496877759727254,0.6414741105040995,1.1822328990849797,1.2641077082337715,1.6343544613239338,0.0,0.0,0.7285865593075735,0.8910596266089554,0.9197128545857124,0.811895792256097,0.9864998345510549,2.1553802448876227,1.2040340200327162,0.0,0.7168377232995244,0.9073270199070542,1.050739192740132,0.8198593644212313,1.0666483043683332,0.6263403673750424,0.9470016654756489,1.3542185952387653,1.2960747402246395,1.07128269852105,0.908960833351038,0.7852040066566717,0.8009999189367202,1.463003979422548,0.8127905703616944,0.9893951714395132,0.6915235221681544,0.0,0.8909186161496004,0.9137544903341607,0.94302470488073,0.9128123780378246,0.7734207232906101,0.699622721447698,0.9943864054572782,0.7947947677226002,0.964990737008955,0.7442815974153915,1.6127653458470252,0.0,0.0,0.0,0.8783905107271907,0.9025563554762716,0.8281910372154228,0.9500552666370884,0.0,2.5071897393557045,0.6608654780038692,0.0,0.6565772913961141,0.8419972291921684,1.5572078517969397,0.9644868562376488,0.9473191753153641,0.6263403673750424,1.1451686846188975,0.8875430051223033,0.9830154238801702,0.9340769979995265,0.9496622093238879,1.6262794784610615,0.0,0.6344772701607315,0.7373600179787871,1.0065766038098483,0.9513704539742003,1.304181411052806,0.848284158560715,0.8482062830912327,1.4627554273855228,1.0124081798573699,1.7643644249693575,1.1560946306394275
39,2001,0.7231819282619226,0.9375555972160295,0.6932871570056555,0.667452952889954,0.6354837468149122,1.4656580455389088,0.9934658144237095,0.8698991105017351,0.0,1.2395288728707163,0.8691579753536378,0.720297152790356,0.9551200311402018,0.0,1.0595626227667891,1.4006392759240802,1.3128887793809876,0.9163123059720742,0.0,0.7259116322950482,1.106944558951597,0.9879228618382255,1.183780175547463,1.0578413267999327,0.6222140229662954,2.488714631305186,1.1759168294631797,0.0,0.9758911364017928,0.930949031167523,1.062581984228163,0.8971734106534935,0.9605161892446445,0.823800153749878,0.6635438852570733,1.5110958051655246,1.1032623626211968,0.9767412066236659,0.6454222693490919,0.9653961685525323,0.8379794743561878,1.7233343090426234,0.9005305956485373,1.223607288739443,0.7468935501711944,0.8549286863479875,0.9230728468484954,0.8260748027008263,0.9171964691624716,0.9824625383330902,0.0,0.0,0.9385872031924087,0.5851786285035163,0.9817112203584732,1.0168254754768953,0.7924837571735959,0.9783888917578232,0.0,0.9192776388514172,0.7077830133881081,1.0295542758683407,0.6473829701146199,0.9264963163253747,0.0,2.8216025983581416,1.078238410536198,0.8043666332204189,0.0,0.6473829701146199,1.7624991409689639,1.0522203884422936,0.9185953343282075,1.0102999566398119,1.5344849000165368,0.7891104419702308,0.9838697509907822,0.6294095991027189,1.132899769944483,1.2778354265909415,0.0,1.0149403497929366,0.8229848832234264,1.00099764542155,1.002786939729898,0.8214267399883771,0.8400801270125444,0.8403644291006184,1.194004592752678,1.158936627942678,2.079753011635492,0.7041505168397991
40,2002,0.696356388733332,0.7336776132407805,0.8068984533848501,1.0521941195945081,0.8634847124817089,1.333132357946882,0.7713663826813446,0.8871813150599496,0.0,1.0966980545388456,0.8560998931503246,0.696356388733332,0.0,0.0,0.7275412570285564,1.049291608854307,1.0164586079861482,0.0,0.0,0.0,0.8157407773692101,0.9786194106281718,1.0512432559491918,0.9211948730467256,0.0,2.1652069983200763,0.0,0.0,0.6830470382388496,0.0,0.0,0.9521397227486725,0.7872833199241155,0.0,0.890345481136868,1.7151920198806991,1.4179325741090882,0.8472666698726878,0.0,0.9150952869680566,0.928501651702471,2.286956161842944,0.9542930390753965,1.0199711126487552,0.9703468762300933,0.0,1.0474182919707293,0.8480652997480791,1.082281232258805,1.1673428414139932,0.0,0.0,0.0,0.9685316755291009,0.0,0.0,0.9520248019314479,0.0,0.0,0.6009728956867482,0.7995506575123715,1.0453862822487285,0.9434945159061026,0.8604443507709122,0.8339435443419341,2.0543798649564633,0.0,0.7024305364455253,0.9858810663589705,1.2076343673889616,1.6979013521610096,0.9607455297228573,1.3410216450774934,0.8909768989221873,1.6258779711346918,0.8868129021026157,1.0545184757666588,0.9549500740145047,0.0,1.698291735714442,0.0,0.9250774407574865,0.8056812594320185,1.1196117781974455,0.0,1.0153416204311052,0.7022150591491658,0.8729963425912927,1.2908075619387036,1.1380349675777592,1.2455985677386774,0.7319759727257296
41,2003,0.9609461957338314,0.8394026939920323,0.6493348587121419,0.6693168805661122,0.7552190523083876,0.9581628454629086,0.6211762817750351,0.806632128612864,0.9523253617066035,0.7758121405984297,0.841247607229133,0.7646608613256988,0.9192336727415342,0.6493348587121419,1.4099331233312946,0.9847905033116737,0.946817913802614,0.0,0.0,1.037027879755775,0.9599432756949496,0.9001283512092468,1.0062308466216159,0.892917189742259,0.0,2.284089474841144,1.3685838891056312,0.0,0.0,0.8888173132089211,0.9493900066449128,0.8627275283179746,0.8138915251969302,1.3951515915045425,0.797998888292655,1.0969290718160847,1.1260257197610681,1.0197640150025247,0.6910814921229684,0.7217075919688175,0.8258802989361794,1.444859448527911,0.7118689619331157,0.8663610890242163,0.0,0.617000341120899,0.812053397065047,0.8461313302935746,0.9893429585425091,1.2056250907729669,0.6201360549737575,0.0,0.615950051656401,0.0,0.9467175261252957,0.0,0.0,0.0,0.0,0.6263403673750424,0.6884198220027107,0.9920431698887937,0.7916466911424201,0.6354837468149122,0.0,2.3099651037624276,1.4331808897689688,0.6655809910179532,0.6404814369704218,0.6180480967120927,1.5287762584120228,0.8068610851525506,0.9542425094393249,0.8709053036205423,1.4404300046603202,0.8357102727988758,1.19439489342373,0.8234742291703011,0.6884198220027106,1.4579903795110356,0.0,0.7690078709437739,0.7109631189952758,0.8470319422018383,0.0,0.9577656763035919,0.9573678084315275,0.6522463410033232,1.062258834988243,0.8902170390446461,1.1393496433588668,0.6646419755561255
42,2004,0.794604214770576,0.9074928236612433,0.8650049139855215,0.7891873895003682,0.9582178309089102,1.214228937777441,0.0,0.826683080210642,1.00414527682274,1.1751891299794448,0.7740200033127335,0.9745116927373284,0.7998033089934968,0.7301764241634809,0.9456873732885392,1.1561134766067247,1.2078814392295405,0.6464037262230695,0.0,0.0,0.9762547664209854,0.9314724018995498,1.1877122663783313,1.0694519407662455,0.6866362692622934,2.0345517231099284,1.008316226356639,0.6273658565927327,0.6798819421128623,1.7223322243751678,1.095169351431755,0.8739015978644614,0.8215817568437778,1.1687920203141817,0.9237622445564537,1.5778960370388964,1.2675615835136855,1.0900056892793015,0.0,0.8294553473213473,0.8763117511109757,1.592559515988837,0.8089427333253509,1.0091050223050642,0.7513695533302881,0.0,0.9849050158810803,0.834912036824869,0.9612393688910226,0.9253645698770249,0.0,1.0982975364946976,1.0742273309717683,0.6599162000698503,0.9309628794929293,0.9312883237487672,0.6488477083728936,0.8799186814067338,0.0,0.7846172926328754,0.6344772701607315,1.04269331188825,1.3343917190137309,0.8933125983827304,0.9289076902439527,1.6750047569402293,1.0870836446047272,0.814221528399434,0.0,0.658964842664435,1.650746738039398,0.9353928117972721,1.1593740072758643,0.7613263224214566,1.1450141320600988,1.1341771075767664,1.5035517659044597,0.9714343518788129,0.0,1.3323956535884907,0.7355988996981799,0.8428647284447282,0.8352752254592625,1.0863822808168846,0.5987905067631151,0.8854251766826807,0.8615139501487248,0.8525383327902083,1.3202294227554372,1.2240361451151534,2.0154536977607873,0.9921114877869497
43,2005,0.9159272116971158,1.0560339399513563,0.7980523709233214,0.6818440056637478,0.8563896594085973,1.340648771222722,0.6227319651647191,0.724275869600789,1.0778902435546285,1.0515383905153275,0.9234713977261517,0.6810904144944383,0.0,0.9609461957338314,0.9867717342662449,1.0360829385116026,1.1166757158312277,0.670709595223797,0.0,0.0,1.1747879558841532,0.95363604197752,0.9206916388157117,1.053641764038897,0.6794278966121189,2.8461788259489387,1.3814640987462607,0.8439260830576332,0.0,0.9112291267411289,0.7403626894942439,0.0,0.6541765418779605,0.8426092396105621,0.8507255716696509,1.3670843481530406,1.2251084198688242,0.8702220783505586,0.6394864892685861,1.0529697617838731,0.6498214632245652,1.7460107381830505,0.7666200436857431,0.66228551572213,0.9790929006383263,0.6748611407378116,0.9987972522891139,1.1155598992744142,0.9256816329483893,0.8516480295994376,0.6919651027673603,0.0,1.2521926441533435,0.9558103983397029,0.9551288511038093,0.8259580712727264,1.1504310882357887,0.975487872537792,1.3704005137252337,1.0505628184321132,0.6730209071288962,1.0179352024612176,0.8479002613226834,0.956936144754604,0.7818535165083038,2.52963646477479,1.4034396856525022,0.0,0.6613393400060399,0.9597061591990462,1.6006926669060226,0.7509839651738778,0.851215964708822,1.0197580957703238,1.3955425594476236,0.6493348587121419,1.088623041872599,0.0,0.0,1.3981500709152554,0.0,0.9674707978529024,0.9518550213303271,1.0255254076154756,0.0,0.7678766573450779,0.7297046213121873,0.6810904144944384,1.8435877169155563,1.2839385906599636,1.5391259223007483,0.5774917998372253
44,2006,0.0,0.969241994059857,0.8293769854922949,0.6998377258672457,0.7259150019645159,0.9723124673887402,0.8869788393536752,0.0,0.5976951859255123,1.0901485740678014,0.8020286362337115,0.8530895298518656,0.714329759745233,0.960470777534299,0.831004331797931,0.9019943503751753,1.025882780022844,0.6762362167633114,0.0,0.6747080854122086,0.9078254342565214,0.8029405102181603,0.8128700753707621,0.9661579110715954,0.6697816152085366,2.319542990506975,0.8098676784378994,0.0,0.782114147479071,0.8081293340989163,0.658964842664435,0.8331817074153589,0.7886284467286174,0.0,0.9089613495893046,1.6899979177170381,1.1700512856552066,1.0406638570054065,0.667452952889954,0.6970839722204847,0.8215618461637395,1.966130803535231,0.8116608481788211,0.0,1.047015121872906,0.6812412373755872,0.9534717588646897,0.0,1.003354183739903,0.8952766184709763,0.0,0.6444385894678385,0.831373943645496,0.8238502592549624,1.1990815740859546,1.128135162265331,1.3087986879813394,0.0,0.6532125137753437,1.0232482607473325,0.7855726635060271,1.0353431912831874,1.0629578340845103,0.8524998151135783,1.0572239214957386,2.5997821377472983,0.8938310883382252,0.5854607295085007,0.7860188196879974,0.9336150265519668,1.6335374441550814,0.7663204009654261,0.8003433951036424,0.6910814921229684,1.4912389488631868,1.0334711767829443,0.9425888315989401,0.0,0.0,1.3284027451306233,0.0,0.6658935455344327,0.9460706035548194,1.0308933989368227,1.017220004045842,0.7361401264685283,0.9614607878755547,0.6727903286887024,1.3503985108395986,1.262520621129607,1.807329489863128,0.8067742791695176
45,2007,0.6766936096248666,1.0969791645556546,0.8539009163221662,1.0670569933824359,0.6794278966121189,1.0174697494679632,0.6608654780038692,0.8008641345613081,1.124993020025895,0.8490780141394292,0.9918142329321539,0.7007037171450193,0.0,0.0,1.1593684971604354,0.9362886454991218,0.9133124569993049,1.1921638337687697,0.0,0.6541765418779605,0.8220127128163155,0.8899251938111162,0.9141920402570509,0.8108154786740267,0.6798819421128623,1.6616878187814297,1.0953375135074448,0.7323937598229685,0.0,1.181582973552647,0.768268016451548,0.0,0.9836262871245346,0.9242792860618817,0.664406904112279,1.3948337490889788,1.1785076570547792,0.864572750055965,0.9018096789455415,0.9275544457155579,0.8990637937624125,1.6794480777976197,0.9300289178926848,1.0150059086249583,0.7208481131965095,0.6374897295125107,1.0001299732226085,0.6989700043360189,0.8330420384148212,0.7768827072854749,0.0,0.0,0.9955194550510345,0.5797835966168101,0.910372896557131,0.8840845950879211,0.6866362692622934,0.9095560292411753,0.6283889300503115,0.8041394323353505,0.7086333210153982,1.0470770972832577,0.6924062348336305,1.1693741134100708,0.7799257124355594,2.3864724662193177,0.0,0.0,0.7474118078864233,0.9663142424963624,1.6210529039256927,0.8519006395613928,0.9534074596181031,1.0002604985473904,1.458600227275335,1.059656858151269,1.0638346238931966,0.9003671286564703,1.006629855896802,1.1618346869925822,0.0,0.7141900028713308,0.787194715520686,1.017718892133223,0.0,0.9997530442436607,0.9647309210536293,0.0,1.3342459181045785,1.0970458858725605,1.1911577672899745,0.8852964442505765
46,2008,0.0,1.3592661646067485,0.7041505168397991,1.0972878585105865,0.9050224175922825,1.4384402340702442,0.0,0.6665179805548809,1.030780363848755,0.7752007147260996,0.7430813684161417,0.0,0.6683859166900001,1.051281183233955,0.9091993191743838,0.6951897138022918,1.01403424608195,0.6522463410033232,0.0,0.670245853074124,0.9048619980696498,0.8807859729878663,1.1222295351172769,0.7692388172304729,0.6522463410033232,1.6013216570108715,1.5852400998207856,0.7092699609758307,0.0,0.6901960800285137,0.7667845154978589,1.2480789768027678,1.0887737673104478,0.7752462597402364,0.6803355134145632,1.4098851563109067,1.003538274695786,1.3007406622834568,0.9542425094393249,0.7304682359467685,0.6879746200345557,1.2980901791299697,0.7852408311203226,0.7109631189952758,0.9249729394821853,0.0,0.8312525701335968,0.6972293427597176,1.0957779337598725,1.0639585130569664,0.6483600109809317,1.3569814009931311,0.7937903846908188,0.5301996982030822,0.6798819421128623,0.557507201905658,1.6796090768181762,0.0,0.831578014615701,0.5987905067631151,0.0,0.9423912512546391,0.6454222693490919,1.1054792181855797,1.274312481389,2.455431122781037,0.0,0.6637009253896482,0.6570558528571039,0.0,1.484857219332745,0.7912054275828864,1.008209698949563,0.7856856682809014,1.5903385044162714,0.6652682113991736,1.3120860240055179,0.7126497016272114,0.6580113966571124,1.5917712688693761,0.6273658565927327,0.0,1.255272505103306,1.0842482042690318,0.0,0.8325498547401606,1.000867721531227,0.0,1.0592793486780776,1.1981147569022677,1.1319543248513926,0.0
